{
  "theory_results": {
    "lemma1_fitted_slopes": {
      "alpha_0.3": -1.3002003612099864,
      "alpha_0.5": -1.500385391503692,
      "alpha_0.7": -1.7006116172273453,
      "alpha_0.9": -1.9008790645690254
    },
    "lemma1_predicted_slopes": {
      "alpha_0.3": -1.3,
      "alpha_0.5": -1.5,
      "alpha_0.7": -1.7,
      "alpha_0.9": -1.9
    },
    "lemma2": {
      "S": 1.6113817984460395,
      "M": 0.4825359497060868,
      "mu": 1.0,
      "L": 40.0,
      "min_slack": -1.4551915228366852e-11,
      "holds": true
    },
    "lemma_sc": {
      "S": 1.6113817984460395,
      "M": 0.4825359497060868,
      "mu": 1.0,
      "L": 40.0,
      "min_slack": 84.56409099335428,
      "holds": true
    },
    "theorem1_residual_vs_h": {
      "h_0.00": 0.00012116917503382322,
      "h_0.02": 0.16222368033765194,
      "h_0.05": 0.40555521333497874,
      "h_0.10": 0.8111038124978143
    },
    "theorem1_predicted_floor": {
      "h_0.02": 0.3860287597648695,
      "h_0.05": 0.9650718994121736,
      "h_0.10": 1.9301437988243473
    },
    "theorem2_final_success": {
      "Rastrigin": 1.0,
      "Ackley": 1.0,
      "Griewank": 1.0,
      "Schwefel": 0.75
    },
    "theorem2_geometric_decay_rate": -0.035131550128221195,
    "benchmark_finals": {
      "TF-ABC": {
        "Rastrigin": {
          "mean": 0.6155790315744986,
          "std": 1.1181949573921695,
          "best": 0.00010457599816504626
        },
        "Ackley": {
          "mean": 0.022919461483463424,
          "std": 0.015154211555392635,
          "best": 0.005540523306838185
        },
        "Griewank": {
          "mean": 0.13217860039908877,
          "std": 0.07170190100447621,
          "best": 0.017938340094924343
        },
        "Schwefel": {
          "mean": 123.95583851988098,
          "std": 130.2799628935833,
          "best": 0.0005048164939580602
        }
      },
      "ABC": {
        "Rastrigin": {
          "mean": 0.0002770095570065223,
          "std": 0.0009433950153892688,
          "best": 2.717949016073362e-06
        },
        "Ackley": {
          "mean": 0.004833048458891813,
          "std": 0.002790471014184265,
          "best": 0.0008626473950212876
        },
        "Griewank": {
          "mean": 0.03421620398216489,
          "std": 0.01677163358100073,
          "best": 0.006959134438103809
        },
        "Schwefel": {
          "mean": 9.497076789477687,
          "std": 32.125402730127185,
          "best": 2.8260055842110887e-05
        }
      },
      "PSO": {
        "Rastrigin": {
          "mean": 7.34193597005727,
          "std": 3.360435116470264,
          "best": 1.9906335643456288
        },
        "Ackley": {
          "mean": 9.333125916741736e-05,
          "std": 6.233347512180686e-05,
          "best": 2.264636986426538e-05
        },
        "Griewank": {
          "mean": 0.08495462996603599,
          "std": 0.031843684502457364,
          "best": 0.03994377337595123
        },
        "Schwefel": {
          "mean": 755.2752628230685,
          "std": 205.94910309541854,
          "best": 473.75341778245684
        }
      },
      "GA": {
        "Rastrigin": {
          "mean": 0.32628809784447754,
          "std": 0.14174564591755817,
          "best": 0.09718700956209148
        },
        "Ackley": {
          "mean": 0.4965777776421973,
          "std": 0.22601554745201435,
          "best": 0.22266322657292692
        },
        "Griewank": {
          "mean": 0.44607862199354753,
          "std": 0.24278770244281406,
          "best": 0.1985361059151034
        },
        "Schwefel": {
          "mean": 442.94456953110443,
          "std": 140.1914226667878,
          "best": 119.3787686620658
        }
      }
    }
  },
  "gfi_results": {
    "tuning_best_cost": {
      "TF-ABC": 0.2883225929647826,
      "ABC": 0.2892644032713902,
      "PSO": 0.31607883140099136,
      "GA": 0.31127015961364507
    },
    "tuning_best_theta": {
      "TF-ABC": [
        1.8562931697531975,
        86.88973211318668,
        0.011645672137371173,
        0.9360977262411463,
        0.7110712954971486
      ],
      "ABC": [
        1.69628103495371,
        119.6458225309191,
        0.004874418412271693,
        0.9537254766073828,
        0.8116492505842847
      ],
      "PSO": [
        1.6729944831208643,
        68.00749230980537,
        0.0015638715598308677,
        0.9258155950961675,
        0.9006365521506117
      ],
      "GA": [
        1.2720436740382906,
        109.15135298211501,
        0.00469846142851498,
        0.9591535050589004,
        0.834323187726282
      ]
    },
    "tuning_quality": {
      "TF-ABC": {
        "mean": 0.30248207739584493,
        "std": 0.016625125317793272,
        "median": 0.29841237367285933,
        "iqr": 0.012580357480418858,
        "best": 0.27825971026499735,
        "worst": 0.34750992519217583
      },
      "ABC": {
        "mean": 0.31706653500056686,
        "std": 0.016628846391049803,
        "median": 0.31718968925386687,
        "iqr": 0.0270202700876353,
        "best": 0.2907920489177923,
        "worst": 0.35247064742053513
      },
      "PSO": {
        "mean": 0.3043963007106436,
        "std": 0.029958259975041864,
        "median": 0.2956756807223664,
        "iqr": 0.037096822765954884,
        "best": 0.2728503022955119,
        "worst": 0.39104065630753365
      },
      "GA": {
        "mean": 0.3278060236792777,
        "std": 0.021574727596341138,
        "median": 0.32003004842725336,
        "iqr": 0.027826968228760518,
        "best": 0.2827866336283796,
        "worst": 0.3762482878412305
      }
    },
    "tuning_stats": {
      "nrun": 30,
      "friedman_p": 0.0001299169959152196,
      "wilcoxon_vs_TFABC": {
        "ABC": 0.0050126127898693085,
        "PSO": 0.6554384250193834,
        "GA": 4.4075772166252136e-05
      }
    },
    "tuning_rank_by_mean": [
      "TF-ABC",
      "PSO",
      "ABC",
      "GA"
    ],
    "pid_theta": [
      0.07266037279194333,
      120.0,
      0.001599764247985201,
      1.0,
      1.0
    ],
    "pid_cost": 0.43095216108623996,
    "step_response": {
      "fopid_max_dev": 0.14767567591334796,
      "fopid_settle": 0.02424000000000001,
      "pid_max_dev": 0.28680890376148793,
      "pid_settle": 0.024260000000000004,
      "fopid_iref_peak": 1.5,
      "fopid_iraw_peak": 11.797947432335013,
      "umax": 1.5,
      "fopid_ise": 0.0009826991438652403,
      "pid_ise": 0.003906261975498109,
      "ise_improvement_pct": 74.84297904162122
    },
    "impedance": {
      "Lg_mH": [
        0.5,
        0.6923076923076924,
        0.8846153846153846,
        1.0769230769230769,
        1.2692307692307692,
        1.4615384615384617,
        1.6538461538461537,
        1.846153846153846,
        2.0384615384615383,
        2.230769230769231,
        2.4230769230769234,
        2.6153846153846154,
        2.8076923076923075,
        3.0
      ],
      "ise_fopid": [
        0.0009674783191286364,
        0.0009732682806994842,
        0.0009791367837813922,
        0.0009850923698097426,
        0.0009911434850135893,
        0.0009972985714715164,
        0.0010035661478860851,
        0.0010099548820088568,
        0.0010164736576007622,
        0.0010231316383241392,
        0.0010299383305662612,
        0.0010369036469222233,
        0.0010440379715125434,
        0.00105135222855068
      ],