{
  "tuning_best_cost": {
    "TF-ABC": 0.2883225929647826,
    "ABC": 0.2892644032713902,
    "PSO": 0.31607883140099136,
    "GA": 0.31127015961364507
  },
  "tuning_best_theta": {
    "TF-ABC": [
      1.8562931697531975,
      86.88973211318668,
      0.011645672137371173,
      0.9360977262411463,
      0.7110712954971486
    ],
    "ABC": [
      1.69628103495371,
      119.6458225309191,
      0.004874418412271693,
      0.9537254766073828,
      0.8116492505842847
    ],
    "PSO": [
      1.6729944831208643,
      68.00749230980537,
      0.0015638715598308677,
      0.9258155950961675,
      0.9006365521506117
    ],
    "GA": [
      1.2720436740382906,
      109.15135298211501,
      0.00469846142851498,
      0.9591535050589004,
      0.834323187726282
    ]
  },
  "tuning_quality": {
    "TF-ABC": {
      "mean": 0.30248207739584493,
      "std": 0.016625125317793272,
      "median": 0.29841237367285933,
      "iqr": 0.012580357480418858,
      "best": 0.27825971026499735,
      "worst": 0.34750992519217583
    },
    "ABC": {
      "mean": 0.31706653500056686,
      "std": 0.016628846391049803,
      "median": 0.31718968925386687,
      "iqr": 0.0270202700876353,
      "best": 0.2907920489177923,
      "worst": 0.35247064742053513
    },
    "PSO": {
      "mean": 0.3043963007106436,
      "std": 0.029958259975041864,
      "median": 0.2956756807223664,
      "iqr": 0.037096822765954884,
      "best": 0.2728503022955119,
      "worst": 0.39104065630753365
    },
    "GA": {
      "mean": 0.3278060236792777,
      "std": 0.021574727596341138,
      "median": 0.32003004842725336,
      "iqr": 0.027826968228760518,
      "best": 0.2827866336283796,
      "worst": 0.3762482878412305
    }
  },
  "tuning_stats": {
    "nrun": 30,
    "friedman_p": 0.0001299169959152196,
    "wilcoxon_vs_TFABC": {
      "ABC": 0.0050126127898693085,
      "PSO": 0.6554384250193834,
      "GA": 4.4075772166252136e-05
    }
  },
  "tuning_rank_by_mean": [
    "TF-ABC",
    "PSO",
    "ABC",
    "GA"
  ],
  "pid_theta": [
    0.07266037279194333,
    120.0,
    0.001599764247985201,
    1.0,
    1.0
  ],
  "pid_cost": 0.43095216108623996,
  "step_response": {
    "fopid_max_dev": 0.14767567591334796,
    "fopid_settle": 0.02424000000000001,
    "pid_max_dev": 0.28680890376148793,
    "pid_settle": 0.024260000000000004,
    "fopid_iref_peak": 1.5,
    "fopid_iraw_peak": 11.797947432335013,
    "umax": 1.5,
    "fopid_ise": 0.0009826991438652403,
    "pid_ise": 0.003906261975498109,
    "ise_improvement_pct": 74.84297904162122
  },
  "impedance": {
    "Lg_mH": [
      0.5,
      0.6923076923076924,
      0.8846153846153846,
      1.0769230769230769,
      1.2692307692307692,
      1.4615384615384617,
      1.6538461538461537,
      1.846153846153846,
      2.0384615384615383,
      2.230769230769231,
      2.4230769230769234,
      2.6153846153846154,
      2.8076923076923075,
      3.0
    ],
    "ise_fopid": [
      0.0009674783191286364,
      0.0009732682806994842,
      0.0009791367837813922,
      0.0009850923698097426,
      0.0009911434850135893,
      0.0009972985714715164,
      0.0010035661478860851,
      0.0010099548820088568,
      0.0010164736576007622,
      0.0010231316383241392,
      0.0010299383305662612,
      0.0010369036469222233,
      0.0010440379715125434,
      0.00105135222855068
    ],
    "ise_pid": [
      0.003894709523388117,
      0.003899157775717116,
      0.003903599539502756,
      0.0039080359724614445,
      0.003912467992262057,
      0.003916896327807594,
      0.003921321561936659,
      0.0039257441646064995,
      0.003930164518109432,
      0.00393458293614417,
      0.003938999678281981,
      0.003943414961005249,
      0.003947828966203034,
      0.003952241847758007
    ],
    "pid_unstable_count": 0,
    "fopid_unstable_count": 0,
    "n_points": 14
  },
  "thd": {
    "fopid": 3.5721273199706216,
    "pid": 22.144985723721973,
    "fopid_vrms": 0.4612454253761624,
    "pid_vrms": 0.09962395926160933,
    "fopid_v1": 0.6518837591516391,
    "pid_v1": 0.1375570213596036,
    "fopid_ess": 0.3481162408483609,
    "pid_ess": 0.8624429786403964
  },
  "observer": {
    "mae_iinv": 0.002364919791868642,
    "mae_vc": 0.004852521276671002,
    "mae_ig": 0.002580444432826391
  },
  "margins": [
    {
      "ctrl": "FOPID",
      "Lg_mH": 0.5,
      "sinf": 1.3430226418709845,
      "tinf": 1.0423578360671075,
      "gm_db": Infinity,
      "pm_deg": 59.597276125243326,
      "max_pole_re": -1.656178369552096
    },
    {
      "ctrl": "FOPID",
      "Lg_mH": 1.0,
      "sinf": 1.3810315536145596,
      "tinf": 1.0970931827370272,
      "gm_db": Infinity,
      "pm_deg": 56.09789516971378,
      "max_pole_re": -1.656178342724321
    },
    {
      "ctrl": "FOPID",
      "Lg_mH": 2.0,
      "sinf": 1.4487758832919837,
      "tinf": 1.2146918221191636,
      "gm_db": Infinity,
      "pm_deg": 50.26962134805646,
      "max_pole_re": -1.656178289068538
    },
    {
      "ctrl": "FOPID",
      "Lg_mH": 3.0,
      "sinf": 1.5296805295343257,
      "tinf": 1.3556950922367283,
      "gm_db": Infinity,
      "pm_deg": 44.78742739736427,
      "max_pole_re": -1.6561782354128816
    },
    {
      "ctrl": "PID",
      "Lg_mH": 1.0,
      "sinf": 1.4486471939508943,
      "tinf": 1.1282975159381183,
      "gm_db": Infinity,
      "pm_deg": 93.67849039715976,
      "max_pole_re": -145.41401204724755
    }
  ]
}