{
  "lemma1_fitted_slopes": {
    "alpha_0.3": -1.3002003612099864,
    "alpha_0.5": -1.500385391503692,
    "alpha_0.7": -1.7006116172273453,
    "alpha_0.9": -1.9008790645690254
  },
  "lemma1_predicted_slopes": {
    "alpha_0.3": -1.3,
    "alpha_0.5": -1.5,
    "alpha_0.7": -1.7,
    "alpha_0.9": -1.9
  },
  "lemma2": {
    "S": 1.6113817984460395,
    "M": 0.4825359497060868,
    "mu": 1.0,
    "L": 40.0,
    "min_slack": -1.4551915228366852e-11,
    "holds": true
  },
  "lemma_sc": {
    "S": 1.6113817984460395,
    "M": 0.4825359497060868,
    "mu": 1.0,
    "L": 40.0,
    "min_slack": 84.56409099335428,
    "holds": true
  },
  "theorem1_residual_vs_h": {
    "h_0.00": 0.00012116917503382322,
    "h_0.02": 0.16222368033765194,
    "h_0.05": 0.40555521333497874,
    "h_0.10": 0.8111038124978143
  },
  "theorem1_predicted_floor": {
    "h_0.02": 0.3860287597648695,
    "h_0.05": 0.9650718994121736,
    "h_0.10": 1.9301437988243473
  },
  "theorem2_final_success": {
    "Rastrigin": 1.0,
    "Ackley": 1.0,
    "Griewank": 1.0,
    "Schwefel": 0.75
  },
  "theorem2_geometric_decay_rate": -0.035131550128221195,
  "benchmark_finals": {
    "TF-ABC": {
      "Rastrigin": {
        "mean": 0.6155790315744986,
        "std": 1.1181949573921695,
        "best": 0.00010457599816504626
      },
      "Ackley": {
        "mean": 0.022919461483463424,
        "std": 0.015154211555392635,
        "best": 0.005540523306838185
      },
      "Griewank": {
        "mean": 0.13217860039908877,
        "std": 0.07170190100447621,
        "best": 0.017938340094924343
      },
      "Schwefel": {
        "mean": 123.95583851988098,
        "std": 130.2799628935833,
        "best": 0.0005048164939580602
      }
    },
    "ABC": {
      "Rastrigin": {
        "mean": 0.0002770095570065223,
        "std": 0.0009433950153892688,
        "best": 2.717949016073362e-06
      },
      "Ackley": {
        "mean": 0.004833048458891813,
        "std": 0.002790471014184265,
        "best": 0.0008626473950212876
      },
      "Griewank": {
        "mean": 0.03421620398216489,
        "std": 0.01677163358100073,
        "best": 0.006959134438103809
      },
      "Schwefel": {
        "mean": 9.497076789477687,
        "std": 32.125402730127185,
        "best": 2.8260055842110887e-05
      }
    },
    "PSO": {
      "Rastrigin": {
        "mean": 7.34193597005727,
        "std": 3.360435116470264,
        "best": 1.9906335643456288
      },
      "Ackley": {
        "mean": 9.333125916741736e-05,
        "std": 6.233347512180686e-05,
        "best": 2.264636986426538e-05
      },
      "Griewank": {
        "mean": 0.08495462996603599,
        "std": 0.031843684502457364,
        "best": 0.03994377337595123
      },
      "Schwefel": {
        "mean": 755.2752628230685,
        "std": 205.94910309541854,
        "best": 473.75341778245684
      }
    },
    "GA": {
      "Rastrigin": {
        "mean": 0.32628809784447754,
        "std": 0.14174564591755817,
        "best": 0.09718700956209148
      },
      "Ackley": {
        "mean": 0.4965777776421973,
        "std": 0.22601554745201435,
        "best": 0.22266322657292692
      },
      "Griewank": {
        "mean": 0.44607862199354753,
        "std": 0.24278770244281406,
        "best": 0.1985361059151034
      },
      "Schwefel": {
        "mean": 442.94456953110443,
        "std": 140.1914226667878,
        "best": 119.3787686620658
      }
    }
  }
}